# Copyright (C) 2017  Intel Corporation. All rights reserved.
# Your use of Intel Corporation's design tools, logic functions 
# and other software and tools, and its AMPP partner logic 
# functions, and any output files from any of the foregoing 
# (including device programming or simulation files), and any 
# associated documentation or information are expressly subject 
# to the terms and conditions of the Intel Program License 
# Subscription Agreement, the Intel Quartus Prime License Agreement,
# the Intel MegaCore Function License Agreement, or other 
# applicable license agreement, including, without limitation, 
# that your use is for the sole purpose of programming logic 
# devices manufactured by Intel and sold by Intel or its 
# authorized distributors.  Please refer to the applicable 
# agreement for further details.

# Quartus Prime Version 17.0.0 Build 595 04/25/2017 SJ Lite Edition
# File: C:\Users\Alex Roman\Documents\EECS 651\Files for Vida\Verilog Files for TX and Mux Control\Beamy2.csv
# Generated on: Thu Apr 05 01:34:10 2018

# Note: The column header names should not be changed if you wish to import this .csv file into the Quartus Prime software.

To,Direction,Location,I/O Bank,VREF Group,I/O Standard,Reserved,Current Strength,Slew Rate,Differential Pair,Transceiver Analog Settings Protocol,VCCR_GXB/VCCT_GXB Voltage,Transceiver I/O Pin Termination,Transceiver Dedicated Refclk Pin Termination,Transmitter Common Mode Driver Voltage,Transmitter Slew Rate Control,Transmitter Differential Output Voltage,Receiver Buffer Common Mode Voltage,Strict Preservation
CurrentMode,Input,PIN_AD30,5B,B5B_N0,3.3-V LVCMOS,,,,,,,,,,,,,
CurrentModeOut,Output,PIN_AB12,3A,B3A_N0,3.3-V LVCMOS,,,,,,,,,,,,,
EN_Inc,Input,PIN_AA14,3B,B3B_N0,3.3-V LVCMOS,,,,,,,,,,,,,
EN_Run,Input,PIN_AJ4,3B,B3B_N0,3.3-V LVCMOS,,,,,,,,,,,,,
EN_pulser,Input,PIN_AC29,5B,B5B_N0,3.3-V LVCMOS,,,,,,,,,,,,,
EN_pulserOut,Output,PIN_AF8,3A,B3A_N0,3.3-V LVCMOS,,,,,,,,,,,,,
LED0,Output,PIN_AA24,5A,B5A_N0,3.3-V LVCMOS,,,,,,,,,,,,,
LED1,Output,PIN_AB23,5A,B5A_N0,3.3-V LVCMOS,,,,,,,,,,,,,
LED2,Output,PIN_AC23,4A,B4A_N0,3.3-V LVCMOS,,,,,,,,,,,,,
LED3,Output,PIN_AD24,4A,B4A_N0,3.3-V LVCMOS,,,,,,,,,,,,,
RST_IN,Input,PIN_AK4,3B,B3B_N0,3.3-V LVCMOS,,,,,,,,,,,,,
RST_OUT,Output,PIN_AD11,3A,B3A_N0,3.3-V LVCMOS,,,,,,,,,,,,,
ReceiveRst,Output,PIN_AD12,3A,B3A_N0,3.3-V LVCMOS,,,,,,,,,,,,,
ReceiveWriteEn,Output,PIN_AD10,3A,B3A_N0,3.3-V LVCMOS,,,,,,,,,,,,,
SPI_EN,Output,PIN_AA12,3A,B3A_N0,3.3-V LVCMOS,,,,,,,,,,,,,
SRD_IN,Input,PIN_AD9,3A,B3A_N0,3.3-V LVCMOS,,,,,,,,,,,,,
SRD_out,Output,,,,3.3-V LVCMOS,,,,,,,,,,,,,
SW_off,Output,PIN_AC12,3A,B3A_N0,3.3-V LVCMOS,,,,,,,,,,,,,
SW_off_pin,Output,,,,3.3-V LVCMOS,,,,,,,,,,,,,
TX_OUT,Output,PIN_AC9,3A,B3A_N0,3.3-V LVCMOS,,,,,,,,,,,,,
TX_OUT_Copy,Output,,,,3.3-V LVCMOS,,,,,,,,,,,,,
TX_RQ,Output,,,,3.3-V LVCMOS,,,,,,,,,,,,,
cl[10],Output,PIN_AG2,3A,B3A_N0,3.3-V LVCMOS,,,,,,,,,,,,,
cl[9],Output,PIN_AH5,3A,B3A_N0,3.3-V LVCMOS,,,,,,,,,,,,,
cl[8],Output,PIN_AH3,3A,B3A_N0,3.3-V LVCMOS,,,,,,,,,,,,,
cl[7],Output,PIN_AJ2,3A,B3A_N0,3.3-V LVCMOS,,,,,,,,,,,,,
cl[6],Output,PIN_AK3,3B,B3B_N0,3.3-V LVCMOS,,,,,,,,,,,,,
cl[5],Output,PIN_AK2,3B,B3B_N0,3.3-V LVCMOS,,,,,,,,,,,,,
cl[4],Output,PIN_AH4,3A,B3A_N0,3.3-V LVCMOS,,,,,,,,,,,,,
cl[3],Output,PIN_AH2,3A,B3A_N0,3.3-V LVCMOS,,,,,,,,,,,,,
cl[2],Output,PIN_AJ1,3A,B3A_N0,3.3-V LVCMOS,,,,,,,,,,,,,
cl[1],Output,PIN_Y16,3B,B3B_N0,3.3-V LVCMOS,,,,,,,,,,,,,
cl[0],Output,PIN_W15,3B,B3B_N0,3.3-V LVCMOS,,,,,,,,,,,,,
clk_in,Input,PIN_AF14,3B,B3B_N0,3.3-V LVCMOS,,,,,,,,,,,,,
n[3],Output,PIN_AF24,4A,B4A_N0,3.3-V LVCMOS,,,,,,,,,,,,,
n[2],Output,PIN_AE24,4A,B4A_N0,3.3-V LVCMOS,,,,,,,,,,,,,
n[1],Output,PIN_AF25,4A,B4A_N0,3.3-V LVCMOS,,,,,,,,,,,,,
n[0],Output,PIN_AG25,4A,B4A_N0,3.3-V LVCMOS,,,,,,,,,,,,,
readOrWrite,Input,PIN_AA30,5B,B5B_N0,3.3-V LVCMOS,,,,,,,,,,,,,
sCLK,Output,PIN_AF4,3A,B3A_N0,3.3-V LVCMOS,,,,,,,,,,,,,
sLE,Output,PIN_AE12,3A,B3A_N0,3.3-V LVCMOS,,,,,,,,,,,,,
sWR,Output,PIN_AE9,3A,B3A_N0,3.3-V LVCMOS,,,,,,,,,,,,,
switchListen,Input,PIN_AB30,5B,B5B_N0,3.3-V LVCMOS,,,,,,,,,,,,,
test,Output,,,,3.3-V LVCMOS,,,,,,,,,,,,,
