{
	"partitions" : [
		{
			"name" : "Top",
			"pins" : [
				{
					"name" : "sLE",
					"strict" : false
				},
				{
					"name" : "sWR",
					"strict" : false
				},
				{
					"name" : "sCLK",
					"strict" : false
				},
				{
					"name" : "TX_OUT",
					"strict" : false
				},
				{
					"name" : "RST_OUT",
					"strict" : false
				},
				{
					"name" : "SW_off",
					"strict" : false
				},
				{
					"name" : "SW_off_pin",
					"strict" : false
				},
				{
					"name" : "SRD_out",
					"strict" : false
				},
				{
					"name" : "CurrentModeOut",
					"strict" : false
				},
				{
					"name" : "EN_pulserOut",
					"strict" : false
				},
				{
					"name" : "ReceiveWriteEn",
					"strict" : false
				},
				{
					"name" : "ReceiveRst",
					"strict" : false
				},
				{
					"name" : "test",
					"strict" : false
				},
				{
					"name" : "LED0",
					"strict" : false
				},
				{
					"name" : "LED1",
					"strict" : false
				},
				{
					"name" : "LED2",
					"strict" : false
				},
				{
					"name" : "LED3",
					"strict" : false
				},
				{
					"name" : "TX_OUT_Copy",
					"strict" : false
				},
				{
					"name" : "TX_RQ",
					"strict" : false
				},
				{
					"name" : "cl[0]",
					"strict" : false
				},
				{
					"name" : "cl[1]",
					"strict" : false
				},
				{
					"name" : "cl[2]",
					"strict" : false
				},
				{
					"name" : "cl[3]",
					"strict" : false
				},
				{
					"name" : "cl[4]",
					"strict" : false
				},
				{
					"name" : "cl[5]",
					"strict" : false
				},
				{
					"name" : "cl[6]",
					"strict" : false
				},
				{
					"name" : "cl[7]",
					"strict" : false
				},
				{
					"name" : "cl[8]",
					"strict" : false
				},
				{
					"name" : "cl[9]",
					"strict" : false
				},
				{
					"name" : "cl[10]",
					"strict" : false
				},
				{
					"name" : "n[0]",
					"strict" : false
				},
				{
					"name" : "n[1]",
					"strict" : false
				},
				{
					"name" : "n[2]",
					"strict" : false
				},
				{
					"name" : "n[3]",
					"strict" : false
				},
				{
					"name" : "clk_in",
					"strict" : false
				},
				{
					"name" : "RST_IN",
					"strict" : false
				},
				{
					"name" : "SRD_IN",
					"strict" : false
				},
				{
					"name" : "CurrentMode",
					"strict" : false
				},
				{
					"name" : "EN_pulser",
					"strict" : false
				},
				{
					"name" : "switchListen",
					"strict" : false
				},
				{
					"name" : "EN_Inc",
					"strict" : false
				},
				{
					"name" : "EN_Run",
					"strict" : false
				},
				{
					"name" : "readOrWrite",
					"strict" : false
				}
			]
		}
	]
}